'E ent√£o como √© que t√° RS Pretto Onyx Heinze e Eduardo Leite j√° est√£o se atacando \n#DebateNaBandRS', 'neutral'
'Um debate duro at√© aqui Duro de se ver #DebateNaBandRS', 'neutral'
'Onix √© quem tende conquistar os votos bolsonaristas - s√≥ fala presidente e Governo Federal Heinze tem bem mais propriedade sobre os problemas estado mas n√£o √© isso que o eleitor m√©dio bolsonarista quer ouvir \n#DebateNaBandRS', 'neutral'
'@NetoRoberto5 @onyxlorenzoni ', 'neutral'
'@CamilaPazCosta1 @EdegarPretto URSAL S√≥ que n√£o', 'neutral'
'@ferreropedroo @mariadorosario @EdegarPretto ', 'neutral'
'@NetoRoberto5 @onyxlorenzoni ', 'neutral'
'Processo Seletivo j√° RS\n#JobimNaBand ', 'neutral'
'Terceiro bloco com tema livre Candidato escolhe quem vai responder #DebateNaBandRS', 'neutral'
'@bandrs 45 o melhor para o RS  #Uni√£oBrasilRS #DebatenaBandRS', 'neutral'
'#ricardojobim #DebateNaBandRS', 'neutral'
'Esse #DebateNaBandRS deveria ter regra b√°sica de pelo menos os candidatos se manterem mesmo assunto\n\nUm pergunta sobre desenvolvimento o outro responde sobre o que quer \n\nBizarro', 'neutral'
'#DebateNaBandRS ', 'neutral'
'@NetoRoberto5 @onyxlorenzoni ', 'neutral'
'@MarioDCaetano1 @mariadorosario @EdegarPretto 8 ', 'neutral'
'@EduardoLeite_ Kkkkkk', 'neutral'
'@mariadorosario @EdegarPretto Vdd', 'neutral'
'Foi dada largada \n#DebateNaBand\n#DebateNaBandRS ', 'neutral'
'Come√ßou o 3¬∞ Bloco\n#DebateNaBandRS ', 'neutral'
'Agora todEs os candidatos usam camisas claras ternos azuis\n\n#debatenabandrs', 'neutral'
'@EngZini @EduardoLeite_ ', 'neutral'
'In√≠cio Debate ao Governo Rio Grande Sul\n\n#DebateNaBandRS #BandRS #Elei√ß√µes2022 ', 'neutral'
'@bandrs @EdegarPretto foi o mais votado partido nas tr√™s elei√ß√µes em que participou e l√≠der da bancada petista governo @TarsoGenro Em 2017 foi presidente da\n@AssembleiaRS e na √∫ltima elei√ß√£o fez votos em 473 munic√≠pios\n#LulaOlivioPrettoRuas #DebatenaBandRS', 'neutral'
'Vou fazer Integra√ß√£o Transporte Coletivo em POA Passagem √∫nica para quem anda de √¥nibus na regi√£o metropolitana\n#DebatenaBandRS #Heinze', 'neutral'
'@Heinzeoficial Eu acho que os √¥nibus que vem da grande Porto Alegre n√£o deveriam passar das fronteiras da cidade pois comprometem o tr√¢nsito nas grandes avenidas', 'neutral'
'Candidato Ricardo Jobim falando ‚Äúa classe pol√≠tica‚Äù como se o NOVO n√£o fosse um partido pol√≠tico #DebateNaBandRS', 'neutral'
'Jobim escolheu Edegar\nCitou Tarso e diz que ele deixou o RS quebrado Pergunta se PT vai aumentar impostos Edegar disse que nos governos petistas RS n√£o teve aumento de impostos e nem venda de patrim√¥nio Recorda que n√£o teve atraso de sal√°rios de servidores #DebateNaBandRS', 'neutral'
'Um debate em que t√° o Heinze faz falta o Maroni Ele teria coragem de perguntar pela Mia #DebateNaBandRS', 'neutral'
'21h06 - Porto Alegre\n\nGlobo #Fant√°stico 201\nRecord #DomingoEspetacular 65\nSBT  #ProgramaSilvioSantos 63\nRecord #Encrenca 24\nBand #DebateNaBandRS 18\n\nLuizao Band', 'neutral'
'@RicardoJobim30 @VieiraPDT @EdegarPretto @LulaOficial @Heinzeoficial @vicentebogo @onyxlorenzoni @jairbolsonaro @EduardoLeite_ primeiro bloco de debate segundo programa O primeiro programa foi s√≥ uma apresenta√ß√£o', 'neutral'
'Debate aqui @TwitterBrasil t√° melhor que l√° na @bandrs \n\n#DebateNaBandRS ', 'neutral'
'Um olho Caetano e outro debate #DebatenaBand #DebateNaBandRS #EdegarPretto', 'neutral'
'@RicardoJobim30 @VieiraPDT @EdegarPretto @LulaOficial @Heinzeoficial @vicentebogo @onyxlorenzoni @jairbolsonaro @EduardoLeite_ Na r√©plica @RicardoJobim30 diz que @edegarpretto votou favor aumento de impostos E afirma que ter√° o primeiro governo liberal da hist√≥ria RS #DebateNaBandRS', 'neutral'
'@RicardoJobim30 @VieiraPDT @EdegarPretto @LulaOficial @Heinzeoficial @vicentebogo @onyxlorenzoni @jairbolsonaro @EduardoLeite_ Ent√£o @EdegarPretto diz que o RS quando governado pelo PT teve crescimento e gera√ß√£o de empregos E cita que o RS tem 12 milh√£o abaixo da linha da pobreza com cesta b√°sica mais cara pa√≠s #DebateNaBandRS', 'neutral'
'@RicardoJobim30 @VieiraPDT @EdegarPretto @LulaOficial @Heinzeoficial @vicentebogo @onyxlorenzoni @jairbolsonaro @EduardoLeite_ O candidato @RicardoJobim30 pergunta @edegarpretto se ele pretende aumentar impostos caso seja eleito e afirma que o PT deixou o Estado quebrado', 'neutral'
'Agora debate @EdegarPretto fala sobre agricultura familiar e alimenta√ß√£o saud√°vel nas escolas pauta que tanto levamos Al√©m de garantir que nossos estudantes n√£o passem fome pois na escola muitas vezes √© sua √∫nica alimenta√ß√£o #DebateNaBandRS #LulaOlivioPrettoRuas', 'neutral'
'@RicardoJobim30 @VieiraPDT @EdegarPretto @LulaOficial @Heinzeoficial @vicentebogo @onyxlorenzoni @jairbolsonaro @EduardoLeite_ N√£o deu nem para respirar Come√ßa o terceiro blogo programa segundo de debate com tema livre #DebateNaBandRS', 'neutral'
'@RicardoJobim30 @VieiraPDT @EdegarPretto @LulaOficial @Heinzeoficial @vicentebogo @onyxlorenzoni @jairbolsonaro @EduardoLeite_ al√©m de deixar professores sem reposi√ß√£o salarial\n\nAcaba o primeiro bloco #DebateNaBandRS  Como um caf√© com leite frio', 'neutral'
'@bandrs sem volume intervalo Os anunciantes devem estar felizes #DebateNaBandRS', 'neutral'
'Para evitar fadiga vou apenas fazer coment√°rios irrelevantes sobre o #DebateNaBandRS Esclarecido isso o Vicente Bogo √© o mais bem vestido\n\nSua r√©plica @faneinbox', 'neutral'
'Tu v√™ que at√© o Oziris t√° desanimado coitado #DebateNaBandRS', 'neutral'
'@RicardoJobim30 @VieiraPDT @EdegarPretto @LulaOficial @Heinzeoficial @vicentebogo @onyxlorenzoni @jairbolsonaro @EduardoLeite_ O professor @vicentebogo aproveita pergunta e diz que escolas precisam ter estruturas como laborat√≥rios de inform√°tica e mecatr√¥nica\n\nNa tr√©plica @EdegarPretto critica @EduardoLeite_  diz que n√£o consegue entender como o governo se orgulha de super√°vit e abandona escolas', 'neutral'
'@ferreropedroo @mariadorosario @EdegarPretto Realidade ', 'neutral'
'eu voto em qualquer um que fizer parar de chover em porto alegre #DebateNaBandRS', 'neutral'
'@matheuspggomes Candidato Argenta fazendo propaganda de sua pr√≥pria empresa durante o debate e se manifestando sobre redu√ß√£o de secretarias e falando em cabide de empregos''\n#DebateNaBandRS', 'neutral'
'@bandrs Precisamos ser parceiros retomar um projeto de desenvolvimento regional e integrado com uma pol√≠tica industrial que considere os desafios econ√¥micos‚Äù @EdegarPretto #DebatenaBandRS #LulaOlivioPrettoRuas', 'neutral'
'O acesso √† √°gua √© direito de todos e dever Estado #LulaOlivioEdegarRuas #DebateNaBandRS ', 'neutral'
'#DebateNaBandRS  ', 'neutral'
'@mariadorosario @EdegarPretto ', 'neutral'
'Bah que debate ‚Äúsonolento‚Äù Melhor rem√©dio para dormir #DebateNaBandRS', 'neutral'
'O tamanho da int√©rprete de libras \n#DebateNaBandRS ', 'neutral'
'Eu sou de Metade Sul sou de Santa Maria' VAI TOMAR CU #DebateNaBandRS', 'neutral'
'#DebateNaBandRS \n#PalavraDeGaucho ', 'neutral'
'LARGA COLA ARGENTA #DebateNaBandRS', 'neutral'
'@HenriqueFontana @EdegarPretto ', 'neutral'
'Leite diz que  ocorreram dificuldades para realizar licita√ß√£o transporte porque pandemia mudou esse perfil de uso Mas afirma que estudos est√£o prontos\nHeinze diz que vai implantar integra√ß√£o transporte coletivo com tarifa √∫nica cita modelo de Curitiba #DebateNaBandRS', 'neutral'
'@Luizao_Band 21h06 - Porto Alegre\n\n#Fant√°stico 201\n#DomingoEspetacular 65\n#ProgramaSilvioSantos 63\n#Encrenca 24\n#DebateNaBandRS 18', 'neutral'
'@RicardoJobim30 @VieiraPDT @EdegarPretto @LulaOficial @Heinzeoficial @vicentebogo @onyxlorenzoni @jairbolsonaro @EduardoLeite_ Ent√£o @EduardoLeite_ justifica que falta de investimentos se deve aos poucos recursos governo federal e falta de condi√ß√µes para fazer licita√ß√£o das atuais linhas #DebateNaBandRS', 'neutral'
'Edegar cita professores e servidores com baixa estima e diz que uma escola sem atra√ß√£o n√£o vai fazer crian√ßas aprenderem Diz que far√° pesado investimento em educa√ß√£o e valorizando servidores Cita tr√™s refei√ß√µes para crian√ßas nas escolas como projeto #DebateNaBandRS', 'neutral'
'Os servidores p√∫blicos n√£o podem ser tratados como advers√°rios Estado\n\n#DebateNaBandRS', 'neutral'
'Acompanhando o debate para dar umas risadas fim de domingo  #DebateNaBandRS', 'neutral'
'PR @jairbolsonaro \n \n@augustosnunes\n@Rconstantino\n@AnaPaulaVolei\n@alexandregarcia\n@realpfigueiredo\n@GFiuza_Oficial\n@onyxlorenzoni\n@Biakicis\n@CarlaZambelli38\n@carlosjordy\n@PaolaSDaniel\n@leandroruschel\n@cristinagraeml\n@karinamichelin\n@CarinaBelome\n@AdrillesRJorge\n@kimpaim\n@taoquei1 ', 'neutral'
'Roberto Argenta PSC obcecado com Metade Sul #DebateNaBandRS', 'neutral'
'O heinze t√° de social e t√™nis esportivo mdssssss #DebateNaBandRS', 'neutral'
'√â #DebateNaBandRS mas em certos momentos parece #DebateNaBandMG ü§®', 'neutral'
'Come√ßou real  #DebateNaBandRS', 'neutral'
'@EduardoLeite_ Grande Bolsoanaro', 'neutral'
'bra di nha argenta-jobim #DebateNaBandRS', 'neutral'
'O Argenta na campanha s√≥ pra vender sapatos #DebateNaBandRS', 'neutral'
'@EduardoLeite_ Fechado os supermercados', 'neutral'
'@EduardoLeite_ E o dinheiro governo federal  ', 'neutral'
'@EdegarPretto falando que precisa combate √† fome retomada de direitos e dignidade #DebateNaBandRS', 'neutral'
'O #DebateNaBandRS mais parece um fraterno encontro entre liberais', 'neutral'
'@EduardoLeite_ O A√©cio Neves vai participar governo em caso de reelei√ß√£o', 'neutral'
'@DirlopLula13 #DebateNaBandRS ', 'neutral'
'@dimacgarcia @EduardoLeite_ Opa caiu isso daqui ', 'neutral'
'Lei @EdegarPretto Susaf criada em 2011 e permite que agroind√∫strias familiares possam comercializar seus produtos de origem animal em todo o territ√≥rio ga√∫cho o que resulta em crescimento mais postos de trabalho e renda campo #LulaOlivioPrettoRuas #DebatenaBandRS', 'neutral'
'Esperando ansiosamente o @Heinzeoficial citar Mia Khalifa debate Nunca te pedi naaaada  #DebateNaBandRS', 'neutral'
'@EduardoLeite_ Investimentos em lacre para g√¥ndolas de supermercados', 'neutral'
'@ovizzotto O candidato fazendo #publi da pr√≥pria empresa na pergunta socorro #DebateNaBandRS', 'neutral'
'O candidato PSC meteu um publi debate #DebateNaBandRS', 'neutral'
'30 segundos para pergunta √© muito pouco #DebateNaBandRS', 'neutral'
'Cal√ßados Beira-Rio √© empresa mais beneficiada com propaganda incidental at√© agora #DebateNaBandRS', 'neutral'
'@EduardoLeite_ E nem agradeceu ao presidente @jairbolsonaro', 'neutral'
'Repitam comigo DIMINUIR O N√öMERO DE SECRETARIAS N√ÉO REDUZ GASTOS ESTADO √â POL√çTICA POPULISTA BARATA E INEFICIENTE #DebateNaBandRS', 'neutral'
'Que beleza o Argenta fazendo uso debate governo estado pra fazer propaganda da sua empresa #DebateNaBandRS', 'neutral'
'Os dois candidatos empres√°rios fazendo pergunta ‚Äúlevanta bola pra cortar‚Äù  #DebateNaBandRS', 'neutral'
'Roberto Argenta acabou fazer merchandising da pr√≥pria empresa #DebateNaBandRS', 'neutral'
'#DebateNaBandRS candidato Novo  Sou novidade Vou privatizar tudo Algunma platidude e frase de efeito ', 'neutral'
'O candidato fazendo #publi da pr√≥pria empresa na pergunta socorro #DebateNaBandRS', 'neutral'
'O que Eduardo Leite fez pela educa√ß√£o Estado nesses 4 anos poder O gringo tava certo#DebateNaBandRS', 'neutral'
'Eduardo Leite perguntando o q fazer pelas mulheres empreendedoras o outro l√° responde nada com nada  Ora √© o mesmo que se faz por qualquer empreendedor Menos imposto gente  #DebateNaBandRS', 'neutral'
'Bogo fala dos problemas e dificuldades diz que educa√ß√£o √© fundamental e base Diz que n√£o vai ter trabalhador qualificado sem escola qualificada Que n√£o h√° inova√ß√£o sem laborat√≥rios nas escolas #DebateNaBandRS', 'neutral'
'O candidato ao governo RS Roberto Argenta argumenta que ao inv√©s de promover prote√ß√£o √† mulher deve-se promover dignidade atrav√©s emprego Argenta √© o dono dos Cal√ßados Beira Rio Candidato qual o percentual de mulheres contratadas e seus sal√°rios #DebateNaBandRS', 'neutral'
'O candidato Partido Novo deixa claro quem serve Fala Estado como homem branco classe m√©dia que n√£o precisa Estado para ter o m√≠nimo de direitos garantidos Fora da realidade  #DebatenaBandRS #LulaOlivioPrettoRuas', 'neutral'
'@StelaFarias O candidato Partido Novo deixa claro quem serve Fala Estado como homem branco classe m√©dia que n√£o precisa E‚Ä¶', 'neutral'
'@bandrs Edegar Pretto PT chegando na Band RS #DebateNaBand #DebateNaBandRS ', 'neutral'
'@matheuspggomes Ser contra privatiza√ß√µes da Corsan e Banrisul √© um compromisso estrat√©gico com o povo ga√∫cho Nosso candidato g‚Ä¶', 'neutral'
'@bandrs Band mant√©m tradi√ß√£o e realiza o primeiro debate entre os candidatos ao governo RS\n HOJE √†s 21h\n\nTransmiss√£o simult‚Ä¶', 'neutral'
'@BrasilEmComum Bom dia\nLembrando que hoje √†s 21 teremos o primeiro debate para governador RS na @bandrs Vamos participar nas redes‚Ä¶', 'neutral'
'@bandrs Band mant√©m tradi√ß√£o e realiza o primeiro debate entre os candidatos ao governo RS\n HOJE √†s 21h\n\nTransmiss√£o simult‚Ä¶', 'neutral'
'@Nandocardoso90 @EngZini @EdegarPretto sempre perde 30s endeusando @LulaOficial MDS kkk', 'neutral'
'@EngZini Debate aqui @TwitterBrasil t√° melhor que l√° na @bandrs \n\n#DebateNaBandRS', 'neutral'
'@onyxlorenzoni Rapaziada daqui pouco Segue o link pro debate que come√ßa √†s 21h \n\n', 'neutral'
'@EdegarPretto Hoje noite participo 1¬∫ debate e conto contigo para acompanhar em todas redes sociais Minha equipe estar√° pronta‚Ä¶', 'neutral'
'@paoladcs Terceiro bloco com tema livre Candidato escolhe quem vai responder #DebateNaBandRS', 'neutral'
'@StelaFarias O candidato Partido Novo deixa claro quem serve Fala Estado como homem branco classe m√©dia que n√£o precisa E‚Ä¶', 'neutral'
'@onyxlorenzoni Rapaziada daqui pouco Segue o link pro debate que come√ßa √†s 21h \n\n', 'neutral'
'@anapaulasago @bandrs Precisamos ser parceiros retomar um projeto de desenvolvimento regional e integrado com uma pol√≠tica industrial‚Ä¶', 'neutral'
'@RicardoJobim30 @VieiraPDT @EdegarPretto @LulaOficial @Heinzeoficial @vicentebogo @onyxlorenzoni @jairbolsonaro @EduardoLeite_ O senador @Heinzeoficial diz que vai implementar uma tarifa √∫nica de transporte p√∫blico metropolitano com integra√ß√£o √â muito importante fazer investimento'' diz Heinze que l√™ um papel na bancada #DebateNaBandRS', 'neutral'
'@julioaraujopsol Eduardo Leite falando das mulheres e eu s√≥ consigo lembrar caso dos exames citopatol√≥gicos #DebateNaBandRS', 'neutral'
'@Alberto_EC_Melo @EngZini @EduardoLeite_ ', 'neutral'
'@giovanicherini              ¬∫     \n\n#DebateNaBandRS‚Ä¶', 'neutral'
'@bandrs Resposta de Onyx Lorenzoni PL √† pergunta inicial #DebateNaBand #DebateNaBandRS ', 'neutral'